,CMM,WP,Keener
0,0.71018683274021,1.0,0.37919517865626
1,0.63056049822064,0.75,0.66820764214774
2,0.37055160142349,0.375,0.33103369117511
3,0.43349644128114,0.5,0.42920181487352
4,0.35520462633452,0.28571428571429,0.34045860376185
